-- ============================================================
-- PCGA v2 Migration
-- Adds weight_percent, question_number, single_select type
-- Deletes old seed data and re-seeds with full PCGA structure
-- ============================================================

-- Add single_select to question_type enum (must be committed separately)
ALTER TYPE question_type ADD VALUE IF NOT EXISTS 'single_select';
COMMIT;
BEGIN;

-- Add weight_percent to assessment_sections
ALTER TABLE assessment_sections ADD COLUMN IF NOT EXISTS weight_percent integer DEFAULT 0;

-- Add question_number to assessment_questions
ALTER TABLE assessment_questions ADD COLUMN IF NOT EXISTS question_number text;

-- ============================================================
-- DELETE OLD SEED DATA (cascades to sections, questions, options)
-- ============================================================
DELETE FROM assessment_answers WHERE response_id IN (
    SELECT id FROM assessment_responses WHERE form_id = 'f0000000-0000-0000-0000-000000000001'
);
DELETE FROM assessment_responses WHERE form_id = 'f0000000-0000-0000-0000-000000000001';
DELETE FROM assessment_forms WHERE id = 'f0000000-0000-0000-0000-000000000001';

-- ============================================================
-- RE-SEED: Full PCGA Structure
-- ============================================================
DO $$
DECLARE
    fid uuid := 'f0000000-0000-0000-0000-000000000001';
    -- Sections
    s1 uuid := 'a1000000-0000-0000-0000-000000000001';
    s2 uuid := 'a1000000-0000-0000-0000-000000000002';
    s3 uuid := 'a1000000-0000-0000-0000-000000000003';
    s4 uuid := 'a1000000-0000-0000-0000-000000000004';
    s5 uuid := 'a1000000-0000-0000-0000-000000000005';
    s6 uuid := 'a1000000-0000-0000-0000-000000000006';
    s7 uuid := 'a1000000-0000-0000-0000-000000000007';
    s8 uuid := 'a1000000-0000-0000-0000-000000000008';
BEGIN

-- Form
INSERT INTO assessment_forms (id, title, description, instructions, is_active, seed_max_percent, sapling_max_percent)
VALUES (
    fid,
    'Penthai Community Growth Assessment (PCGA)',
    'เครื่องมือประเมินศักยภาพและความพร้อมของชุมชนเพื่อการพัฒนา',
    'แบบสอบถามนี้จัดทำขึ้นเพื่อประเมินศักยภาพ ความพร้อม และระดับการพัฒนาของชุมชน เพื่อนำผลการประเมินไปใช้ในการออกแบบแนวทางการพัฒนาที่เหมาะสมกับบริบทของชุมชน โดยไม่ได้มีวัตถุประสงค์เพื่อจัดอันดับหรือเปรียบเทียบชุมชน แต่เป็นการค้นหาจุดแข็ง โอกาส และประเด็นที่ควรพัฒนาในแต่ละพื้นที่',
    true, 49, 74
);

-- ============================================================
-- SECTION 1: ข้อมูลทั่วไปของชุมชน (weight 0 — not scored)
-- ============================================================
INSERT INTO assessment_sections (id, form_id, title, description, sort_order, weight_percent) VALUES
(s1, fid, 'ส่วนที่ 1: ข้อมูลทั่วไปของชุมชน', NULL, 1, 0);

-- Q1.1 ชื่อชุมชน
INSERT INTO assessment_questions (id, section_id, question_text, question_type, question_number, is_scored, sort_order) VALUES
('e1000000-0000-0000-0000-000000000001', s1, 'ชื่อชุมชน/กลุ่ม/วิสาหกิจชุมชน', 'short_text', '1', false, 1);

-- Q1.2 ที่ตั้ง
INSERT INTO assessment_questions (id, section_id, question_text, question_type, question_number, is_scored, sort_order) VALUES
('e1000000-0000-0000-0000-000000000002', s1, 'ที่ตั้งชุมชน (ตำบล / อำเภอ / จังหวัด)', 'short_text', '2', false, 2);

-- Q1.3 ประเภทชุมชน (multi_select)
INSERT INTO assessment_questions (id, section_id, question_text, question_type, question_number, is_scored, sort_order) VALUES
('e1000000-0000-0000-0000-000000000003', s1, 'ประเภทของชุมชน/กลุ่ม', 'multi_select', '3', false, 3);

INSERT INTO assessment_options (id, question_id, option_text, sort_order) VALUES
('e2000000-0000-0000-0000-000000000001', 'e1000000-0000-0000-0000-000000000003', 'ชุมชนท่องเที่ยว', 1),
('e2000000-0000-0000-0000-000000000002', 'e1000000-0000-0000-0000-000000000003', 'กลุ่มอาชีพ/วิสาหกิจชุมชน', 2),
('e2000000-0000-0000-0000-000000000003', 'e1000000-0000-0000-0000-000000000003', 'กลุ่มผลิตภัณฑ์ชุมชน', 3),
('e2000000-0000-0000-0000-000000000004', 'e1000000-0000-0000-0000-000000000003', 'ชุมชนวัฒนธรรม', 4),
('e2000000-0000-0000-0000-000000000005', 'e1000000-0000-0000-0000-000000000003', 'อื่น ๆ', 5);

-- Q1.4 จำนวนสมาชิก (single_select)
INSERT INTO assessment_questions (id, section_id, question_text, question_type, question_number, is_scored, sort_order) VALUES
('e1000000-0000-0000-0000-000000000004', s1, 'จำนวนสมาชิกที่มีส่วนร่วมในการพัฒนาชุมชนโดยประมาณ', 'single_select', '4', false, 4);

INSERT INTO assessment_options (id, question_id, option_text, sort_order) VALUES
('e2000000-0000-0000-0000-000000000006', 'e1000000-0000-0000-0000-000000000004', 'น้อยกว่า 10 คน', 1),
('e2000000-0000-0000-0000-000000000007', 'e1000000-0000-0000-0000-000000000004', '10–20 คน', 2),
('e2000000-0000-0000-0000-000000000008', 'e1000000-0000-0000-0000-000000000004', '21–50 คน', 3),
('e2000000-0000-0000-0000-000000000009', 'e1000000-0000-0000-0000-000000000004', 'มากกว่า 50 คน', 4);

-- Q1.5 ผลิตภัณฑ์
INSERT INTO assessment_questions (id, section_id, question_text, question_type, question_number, is_scored, sort_order) VALUES
('e1000000-0000-0000-0000-000000000005', s1, 'ผลิตภัณฑ์ บริการ หรือกิจกรรมสำคัญของชุมชน', 'paragraph', '5', false, 5);

-- Q1.6 จุดเด่น
INSERT INTO assessment_questions (id, section_id, question_text, question_type, question_number, is_scored, sort_order) VALUES
('e1000000-0000-0000-0000-000000000006', s1, 'จุดเด่นหรืออัตลักษณ์ที่ชุมชนภาคภูมิใจมากที่สุด', 'paragraph', '6', false, 6);

-- ============================================================
-- SECTION 2: มิติที่ 1 ทุนทางวัฒนธรรม (weight 20%)
-- ============================================================
INSERT INTO assessment_sections (id, form_id, title, description, sort_order, weight_percent) VALUES
(s2, fid, 'มิติที่ 1: ทุนทางวัฒนธรรม', 'ใช้ประเมินว่าชุมชนมี "ราก" อัตลักษณ์ ภูมิปัญญา หรือเรื่องราวเฉพาะตัวที่สามารถนำมาต่อยอดได้มากน้อยเพียงใด', 2, 20);

INSERT INTO assessment_questions (id, section_id, question_text, question_type, question_number, is_scored, scale_min, scale_max, scale_min_label, scale_max_label, sort_order) VALUES
('e1000000-0000-0000-0000-000000000101', s2, 'ชุมชนมีอัตลักษณ์หรือจุดเด่นเฉพาะตัวที่ชัดเจน', 'scale', '1.1', true, 1, 5, 'ยังไม่มี', 'เป็นจุดเด่นของชุมชน', 1),
('e1000000-0000-0000-0000-000000000102', s2, 'ชุมชนมีภูมิปัญญาท้องถิ่นที่สามารถนำมาต่อยอดได้', 'scale', '1.2', true, 1, 5, 'ยังไม่มี', 'เป็นจุดเด่นของชุมชน', 2),
('e1000000-0000-0000-0000-000000000103', s2, 'ชุมชนมีเรื่องเล่า ประวัติศาสตร์ หรือความเป็นมาที่น่าสนใจ', 'scale', '1.3', true, 1, 5, 'ยังไม่มี', 'เป็นจุดเด่นของชุมชน', 3),
('e1000000-0000-0000-0000-000000000104', s2, 'ชุมชนมีอาหารพื้นถิ่น งานหัตถกรรม ประเพณี หรือวิถีชีวิตที่โดดเด่น', 'scale', '1.4', true, 1, 5, 'ยังไม่มี', 'เป็นจุดเด่นของชุมชน', 4),
('e1000000-0000-0000-0000-000000000105', s2, 'ชุมชนสามารถอธิบายคุณค่าทางวัฒนธรรมของตนเองได้อย่างชัดเจน', 'scale', '1.5', true, 1, 5, 'ยังไม่มี', 'เป็นจุดเด่นของชุมชน', 5);

-- Open-ended for dimension 1
INSERT INTO assessment_questions (id, section_id, question_text, question_type, question_number, is_scored, sort_order) VALUES
('e1000000-0000-0000-0000-000000000106', s2, 'ทุนทางวัฒนธรรม หรือ "ของดีของชุมชน" ที่ควรได้รับการพัฒนาต่อยอดมากที่สุดคืออะไร เพราะเหตุใด', 'paragraph', '', false, 6);

-- ============================================================
-- SECTION 3: มิติที่ 2 ความเข้มแข็งของชุมชน (weight 15%)
-- ============================================================
INSERT INTO assessment_sections (id, form_id, title, description, sort_order, weight_percent) VALUES
(s3, fid, 'มิติที่ 2: ความเข้มแข็งของชุมชน', 'ใช้ประเมินความพร้อมของคนในชุมชน การรวมกลุ่ม ผู้นำ และการมีส่วนร่วมในการพัฒนา', 3, 15);

INSERT INTO assessment_questions (id, section_id, question_text, question_type, question_number, is_scored, scale_min, scale_max, scale_min_label, scale_max_label, sort_order) VALUES
('e1000000-0000-0000-0000-000000000201', s3, 'ชุมชนมีผู้นำหรือแกนนำที่สามารถขับเคลื่อนการพัฒนาได้', 'scale', '2.1', true, 1, 5, 'ยังไม่มี', 'เป็นจุดเด่นของชุมชน', 1),
('e1000000-0000-0000-0000-000000000202', s3, 'สมาชิกในชุมชนมีความร่วมมือและพร้อมมีส่วนร่วม', 'scale', '2.2', true, 1, 5, 'ยังไม่มี', 'เป็นจุดเด่นของชุมชน', 2),
('e1000000-0000-0000-0000-000000000203', s3, 'ชุมชนมีการรวมกลุ่มหรือโครงสร้างการทำงานที่ชัดเจน', 'scale', '2.3', true, 1, 5, 'ยังไม่มี', 'เป็นจุดเด่นของชุมชน', 3),
('e1000000-0000-0000-0000-000000000204', s3, 'มีการถ่ายทอดความรู้ระหว่างคนรุ่นเก่าและคนรุ่นใหม่', 'scale', '2.4', true, 1, 5, 'ยังไม่มี', 'เป็นจุดเด่นของชุมชน', 4),
('e1000000-0000-0000-0000-000000000205', s3, 'คนรุ่นใหม่ในชุมชนมีบทบาทในการร่วมพัฒนา', 'scale', '2.5', true, 1, 5, 'ยังไม่มี', 'เป็นจุดเด่นของชุมชน', 5);

INSERT INTO assessment_questions (id, section_id, question_text, question_type, question_number, is_scored, sort_order) VALUES
('e1000000-0000-0000-0000-000000000206', s3, 'ปัจจัยใดที่ทำให้คนในชุมชนอยากมีส่วนร่วมในการพัฒนา และปัจจัยใดที่ยังเป็นอุปสรรค', 'paragraph', '', false, 6);

-- ============================================================
-- SECTION 4: มิติที่ 3 ความคิดสร้างสรรค์และนวัตกรรม (weight 20%)
-- ============================================================
INSERT INTO assessment_sections (id, form_id, title, description, sort_order, weight_percent) VALUES
(s4, fid, 'มิติที่ 3: ความคิดสร้างสรรค์และนวัตกรรม', 'ใช้ประเมินความสามารถของชุมชนในการเปลี่ยนทุนวัฒนธรรมให้เป็นสินค้า บริการ กิจกรรม หรือประสบการณ์ใหม่ที่มีมูลค่า', 4, 20);

INSERT INTO assessment_questions (id, section_id, question_text, question_type, question_number, is_scored, scale_min, scale_max, scale_min_label, scale_max_label, sort_order) VALUES
('e1000000-0000-0000-0000-000000000301', s4, 'ชุมชนมีการพัฒนาสินค้าหรือบริการจากอัตลักษณ์ท้องถิ่น', 'scale', '3.1', true, 1, 5, 'ยังไม่มี', 'เป็นจุดเด่นของชุมชน', 1),
('e1000000-0000-0000-0000-000000000302', s4, 'ชุมชนมีการออกแบบบรรจุภัณฑ์ รูปแบบสินค้า หรือกิจกรรมให้น่าสนใจ', 'scale', '3.2', true, 1, 5, 'ยังไม่มี', 'เป็นจุดเด่นของชุมชน', 2),
('e1000000-0000-0000-0000-000000000303', s4, 'ชุมชนมีการเล่าเรื่อง หรือ Storytelling เพื่อเพิ่มคุณค่าให้สินค้า/บริการ', 'scale', '3.3', true, 1, 5, 'ยังไม่มี', 'เป็นจุดเด่นของชุมชน', 3),
('e1000000-0000-0000-0000-000000000304', s4, 'ชุมชนมีการสร้างแบรนด์หรือภาพลักษณ์ที่สะท้อนอัตลักษณ์ของตนเอง', 'scale', '3.4', true, 1, 5, 'ยังไม่มี', 'เป็นจุดเด่นของชุมชน', 4),
('e1000000-0000-0000-0000-000000000305', s4, 'ชุมชนมีการใช้เทคโนโลยีหรือแนวคิดใหม่มาช่วยพัฒนางาน', 'scale', '3.5', true, 1, 5, 'ยังไม่มี', 'เป็นจุดเด่นของชุมชน', 5);

INSERT INTO assessment_questions (id, section_id, question_text, question_type, question_number, is_scored, sort_order) VALUES
('e1000000-0000-0000-0000-000000000306', s4, 'หากต้องพัฒนาสินค้า บริการ หรือกิจกรรมใหม่ของชุมชน ท่านอยากให้พัฒนาเรื่องใดมากที่สุด', 'paragraph', '', false, 6);

-- ============================================================
-- SECTION 5: มิติที่ 4 ความพร้อมทางธุรกิจและตลาด (weight 15%)
-- ============================================================
INSERT INTO assessment_sections (id, form_id, title, description, sort_order, weight_percent) VALUES
(s5, fid, 'มิติที่ 4: ความพร้อมทางธุรกิจและตลาด', 'ใช้ประเมินว่าสินค้า บริการ หรือกิจกรรมของชุมชนมีโอกาสขายได้จริง เข้าถึงลูกค้า และต่อยอดเชิงเศรษฐกิจได้หรือไม่', 5, 15);

INSERT INTO assessment_questions (id, section_id, question_text, question_type, question_number, is_scored, scale_min, scale_max, scale_min_label, scale_max_label, sort_order) VALUES
('e1000000-0000-0000-0000-000000000401', s5, 'ชุมชนรู้ว่ากลุ่มลูกค้าหรือนักท่องเที่ยวเป้าหมายคือใคร', 'scale', '4.1', true, 1, 5, 'ยังไม่มี', 'เป็นจุดเด่นของชุมชน', 1),
('e1000000-0000-0000-0000-000000000402', s5, 'ชุมชนมีช่องทางจำหน่ายสินค้า/บริการที่ชัดเจน', 'scale', '4.2', true, 1, 5, 'ยังไม่มี', 'เป็นจุดเด่นของชุมชน', 2),
('e1000000-0000-0000-0000-000000000403', s5, 'ชุมชนมีการตั้งราคาที่เหมาะสมกับต้นทุนและคุณค่า', 'scale', '4.3', true, 1, 5, 'ยังไม่มี', 'เป็นจุดเด่นของชุมชน', 3),
('e1000000-0000-0000-0000-000000000404', s5, 'ชุมชนมีการประชาสัมพันธ์หรือทำการตลาดออนไลน์', 'scale', '4.4', true, 1, 5, 'ยังไม่มี', 'เป็นจุดเด่นของชุมชน', 4),
('e1000000-0000-0000-0000-000000000405', s5, 'ชุมชนมีลูกค้าประจำ ตลาดรองรับ หรือเคยทดลองขายจริง', 'scale', '4.5', true, 1, 5, 'ยังไม่มี', 'เป็นจุดเด่นของชุมชน', 5);

INSERT INTO assessment_questions (id, section_id, question_text, question_type, question_number, is_scored, sort_order) VALUES
('e1000000-0000-0000-0000-000000000406', s5, 'ช่องทางตลาดหรือกลุ่มลูกค้าที่ชุมชนต้องการเข้าถึงมากที่สุดคือกลุ่มใด', 'paragraph', '', false, 6);

-- ============================================================
-- SECTION 6: มิติที่ 5 มาตรฐานสินค้าและบริการ (weight 15%)
-- ============================================================
INSERT INTO assessment_sections (id, form_id, title, description, sort_order, weight_percent) VALUES
(s6, fid, 'มิติที่ 5: มาตรฐานสินค้าและบริการ', 'ใช้ประเมินความพร้อมด้านคุณภาพ ความปลอดภัย ความน่าเชื่อถือ และมาตรฐานที่จำเป็นต่อการแข่งขัน', 6, 15);

INSERT INTO assessment_questions (id, section_id, question_text, question_type, question_number, is_scored, scale_min, scale_max, scale_min_label, scale_max_label, sort_order) VALUES
('e1000000-0000-0000-0000-000000000501', s6, 'ชุมชนมีกระบวนการผลิตหรือการให้บริการที่เป็นระบบ', 'scale', '5.1', true, 1, 5, 'ยังไม่มี', 'เป็นจุดเด่นของชุมชน', 1),
('e1000000-0000-0000-0000-000000000502', s6, 'สินค้าหรือบริการของชุมชนมีคุณภาพสม่ำเสมอ', 'scale', '5.2', true, 1, 5, 'ยังไม่มี', 'เป็นจุดเด่นของชุมชน', 2),
('e1000000-0000-0000-0000-000000000503', s6, 'ชุมชนให้ความสำคัญกับสุขอนามัย ความปลอดภัย และความสะอาด', 'scale', '5.3', true, 1, 5, 'ยังไม่มี', 'เป็นจุดเด่นของชุมชน', 3),
('e1000000-0000-0000-0000-000000000504', s6, 'ชุมชนมีบรรจุภัณฑ์ ฉลาก หรือข้อมูลสินค้าที่เหมาะสม', 'scale', '5.4', true, 1, 5, 'ยังไม่มี', 'เป็นจุดเด่นของชุมชน', 4),
('e1000000-0000-0000-0000-000000000505', s6, 'ชุมชนมีหรือกำลังพัฒนามาตรฐาน เช่น อย. GMP มผช. OTOP หรือมาตรฐานบริการ', 'scale', '5.5', true, 1, 5, 'ยังไม่มี', 'เป็นจุดเด่นของชุมชน', 5);

INSERT INTO assessment_questions (id, section_id, question_text, question_type, question_number, is_scored, sort_order) VALUES
('e1000000-0000-0000-0000-000000000506', s6, 'มาตรฐานหรือคุณภาพด้านใดที่ชุมชนต้องการพัฒนาเพิ่มเติมมากที่สุด', 'paragraph', '', false, 6);

-- ============================================================
-- SECTION 7: มิติที่ 6 ความยั่งยืนและเครือข่าย (weight 15%)
-- ============================================================
INSERT INTO assessment_sections (id, form_id, title, description, sort_order, weight_percent) VALUES
(s7, fid, 'มิติที่ 6: ความยั่งยืนและเครือข่าย', 'ใช้ประเมินว่าชุมชนสามารถเติบโตต่อได้เองในระยะยาวหรือไม่ และมีเครือข่ายสนับสนุนมากน้อยเพียงใด', 7, 15);

INSERT INTO assessment_questions (id, section_id, question_text, question_type, question_number, is_scored, scale_min, scale_max, scale_min_label, scale_max_label, sort_order) VALUES
('e1000000-0000-0000-0000-000000000601', s7, 'ชุมชนมีแผนพัฒนาระยะยาวหรือเป้าหมายการเติบโตที่ชัดเจน', 'scale', '6.1', true, 1, 5, 'ยังไม่มี', 'เป็นจุดเด่นของชุมชน', 1),
('e1000000-0000-0000-0000-000000000602', s7, 'ชุมชนมีการบริหารจัดการทรัพยากรอย่างเหมาะสมและเป็นมิตรต่อสิ่งแวดล้อม', 'scale', '6.2', true, 1, 5, 'ยังไม่มี', 'เป็นจุดเด่นของชุมชน', 2),
('e1000000-0000-0000-0000-000000000603', s7, 'ชุมชนมีการพัฒนาคนรุ่นใหม่หรือผู้สืบทอดงานชุมชน', 'scale', '6.3', true, 1, 5, 'ยังไม่มี', 'เป็นจุดเด่นของชุมชน', 3),
('e1000000-0000-0000-0000-000000000604', s7, 'ชุมชนมีเครือข่ายความร่วมมือกับภาครัฐ เอกชน มหาวิทยาลัย หรือองค์กรภายนอก', 'scale', '6.4', true, 1, 5, 'ยังไม่มี', 'เป็นจุดเด่นของชุมชน', 4),
('e1000000-0000-0000-0000-000000000605', s7, 'ชุมชนสามารถถ่ายทอดองค์ความรู้หรือเป็นต้นแบบให้ชุมชนอื่นได้', 'scale', '6.5', true, 1, 5, 'ยังไม่มี', 'เป็นจุดเด่นของชุมชน', 5);

INSERT INTO assessment_questions (id, section_id, question_text, question_type, question_number, is_scored, sort_order) VALUES
('e1000000-0000-0000-0000-000000000606', s7, 'เครือข่ายหรือหน่วยงานใดที่ชุมชนต้องการให้เข้ามาสนับสนุนการพัฒนา', 'paragraph', '', false, 6);

-- ============================================================
-- SECTION 8: สรุปภาพรวมชุมชน (weight 0 — not scored)
-- ============================================================
INSERT INTO assessment_sections (id, form_id, title, description, sort_order, weight_percent) VALUES
(s8, fid, 'ส่วนที่ 3: คำถามสรุปภาพรวมชุมชน', NULL, 8, 0);

-- Q8.1 จุดแข็ง
INSERT INTO assessment_questions (id, section_id, question_text, question_type, question_number, is_scored, sort_order) VALUES
('e1000000-0000-0000-0000-000000000701', s8, 'จุดแข็งสำคัญที่สุดของชุมชนคืออะไร', 'paragraph', '1', false, 1);

-- Q8.2 ปัญหา
INSERT INTO assessment_questions (id, section_id, question_text, question_type, question_number, is_scored, sort_order) VALUES
('e1000000-0000-0000-0000-000000000702', s8, 'ปัญหาหรือข้อจำกัดสำคัญที่สุดในการพัฒนาชุมชนคืออะไร', 'paragraph', '2', false, 2);

-- Q8.3 ความช่วยเหลือ (multi_select)
INSERT INTO assessment_questions (id, section_id, question_text, question_type, question_number, is_scored, sort_order) VALUES
('e1000000-0000-0000-0000-000000000703', s8, 'หากมีโครงการเข้ามาสนับสนุน ชุมชนต้องการความช่วยเหลือด้านใดมากที่สุด', 'multi_select', '3', false, 3);

INSERT INTO assessment_options (id, question_id, option_text, sort_order) VALUES
('e2000000-0000-0000-0000-000000000101', 'e1000000-0000-0000-0000-000000000703', 'การค้นหาอัตลักษณ์ชุมชน', 1),
('e2000000-0000-0000-0000-000000000102', 'e1000000-0000-0000-0000-000000000703', 'การพัฒนาผลิตภัณฑ์', 2),
('e2000000-0000-0000-0000-000000000103', 'e1000000-0000-0000-0000-000000000703', 'การออกแบบบรรจุภัณฑ์', 3),
('e2000000-0000-0000-0000-000000000104', 'e1000000-0000-0000-0000-000000000703', 'การสร้างแบรนด์', 4),
('e2000000-0000-0000-0000-000000000105', 'e1000000-0000-0000-0000-000000000703', 'การตลาดออนไลน์', 5),
('e2000000-0000-0000-0000-000000000106', 'e1000000-0000-0000-0000-000000000703', 'การพัฒนามาตรฐานสินค้า/บริการ', 6),
('e2000000-0000-0000-0000-000000000107', 'e1000000-0000-0000-0000-000000000703', 'การพัฒนาเส้นทางท่องเที่ยว', 7),
('e2000000-0000-0000-0000-000000000108', 'e1000000-0000-0000-0000-000000000703', 'การสร้างเครือข่ายและพันธมิตร', 8);

-- Q8.4 ความพร้อม (single_select)
INSERT INTO assessment_questions (id, section_id, question_text, question_type, question_number, is_scored, sort_order) VALUES
('e1000000-0000-0000-0000-000000000704', s8, 'ชุมชนมีความพร้อมในการเข้าร่วมกระบวนการพัฒนาในระดับใด', 'single_select', '4', false, 4);

INSERT INTO assessment_options (id, question_id, option_text, sort_order) VALUES
('e2000000-0000-0000-0000-000000000201', 'e1000000-0000-0000-0000-000000000704', 'ยังไม่พร้อม', 1),
('e2000000-0000-0000-0000-000000000202', 'e1000000-0000-0000-0000-000000000704', 'พร้อมเล็กน้อย', 2),
('e2000000-0000-0000-0000-000000000203', 'e1000000-0000-0000-0000-000000000704', 'พร้อมปานกลาง', 3),
('e2000000-0000-0000-0000-000000000204', 'e1000000-0000-0000-0000-000000000704', 'พร้อมมาก', 4),
('e2000000-0000-0000-0000-000000000205', 'e1000000-0000-0000-0000-000000000704', 'พร้อมมากที่สุด', 5);

-- Q8.5 ข้อเสนอแนะ
INSERT INTO assessment_questions (id, section_id, question_text, question_type, question_number, is_scored, sort_order) VALUES
('e1000000-0000-0000-0000-000000000705', s8, 'ข้อเสนอแนะเพิ่มเติม', 'paragraph', '5', false, 5);

END $$;
